model_name,accuracy,auc_score,precision_macro,recall_macro,f1_macro,precision_weighted,recall_weighted,f1_weighted,balanced_accuracy,log_loss,mcc,kappa
logistic_regression,0.7248829630989535,0.9365660025628354,0.5967816177750035,0.508100097515771,0.5299538886264876,0.7129068526679834,0.7248829630989535,0.7153162936610212,0.508100097515771,0.6284504432439019,0.5492989721681193,0.5483229029621628
mlp,0.8766637598678172,0.9862656770987716,0.8531410900600302,0.7882351897753034,0.8151392603918055,0.8763338867436045,0.8766637598678172,0.8760838592752267,0.7882351897753034,0.3089389732786017,0.801412460747036,0.8013545293024464
svm,0.8766637598678172,0.9862656770987716,0.8531410900600302,0.7882351897753034,0.8151392603918055,0.8763338867436045,0.8766637598678172,0.8760838592752267,0.7882351897753034,0.3089389732786017,0.801412460747036,0.8013545293024464
mlp_tuned,0.928814026069396,0.9954198575416823,0.8991724435057903,0.8925281690740918,0.8951559832149715,0.9291028504080012,0.928814026069396,0.9288035130233342,0.8925281690740918,0.18152296642984966,0.8858131729870499,0.8857227238406207
